<?xml version="1.0" encoding="UTF-8"?>
<jboss-deployment-structure>
    <deployment>
        <exclusions>
            <!-- Exclude server provided modules to avoid conflicts -->
            <module name="org.apache.commons.logging"/>
            <module name="org.slf4j"/>
            <module name="org.slf4j.impl"/>
            <module name="org.jboss.logging.jul-to-slf4j-stub"/>
            <module name="ch.qos.logback"/>
            <!-- Exclude Spring Boot's logging to use JBoss logging -->
            <module name="org.springframework.spring-jcl" slot="main"/>
        </exclusions>
        
        <dependencies>
            <!-- Explicitly use JBoss logging modules -->
            <module name="org.jboss.logging"/>
            <module name="org.jboss.logmanager"/>
        </dependencies>
    </deployment>
</jboss-deployment-structure>